071309_w_21,0.8250
071313_m_41,0.6750
071614_m_20,0.4750
071709_w_23,0.7750
071814_w_23,0.5385
071911_w_24,0.6750
072414_m_23,0.6000
072514_m_27,0.5750
072609_w_23,0.5000
072714_m_23,0.5250
073109_w_28,0.6500
073114_m_25,0.7750
080209_w_26,0.5500
080309_m_29,0.7000
080314_w_25,0.7500
080609_w_27,0.4750
080614_m_24,0.5000
080709_m_24,0.7000
080714_m_23,0.6250
081014_w_27,0.8500
081609_w_40,0.4750
081617_m_27,0.6000
081714_m_36,0.5000
082014_w_24,0.6750
082109_m_53,0.5250
082208_w_45,0.4500
082315_w_60,0.4500
082414_m_64,0.5250
082714_m_22,0.7000
082809_m_26,0.5250
082814_w_46,0.7250
082909_m_47,0.3750
083009_w_42,0.5500
083013_w_47,0.5750
083109_m_60,0.5000
083114_w_55,0.5500
091809_w_43,0.7500
091814_m_37,0.5250
091914_m_46,0.5500
092009_m_54,0.4500
092014_m_56,0.6000
092509_w_51,0.6250
092514_m_50,0.5000
092714_m_64,0.4500
092808_m_51,0.3750
092813_w_24,0.6000
100117_w_36,0.5500
100214_m_50,0.5000
100417_m_44,0.4250
100509_w_43,0.5000
100514_w_51,0.2250
100909_w_65,0.7250
100914_m_39,0.7250
101015_w_43,0.5750
101114_w_37,0.5500
101209_w_61,0.5000
101216_m_40,0.5750
101309_m_48,0.4000
101514_w_36,0.4500
101609_m_36,0.5500
101809_m_59,0.4500
101814_m_58,0.5000
101908_m_61,0.5250
101916_m_40,0.5000
102008_w_22,0.5750
102214_w_36,0.5250
102309_m_61,0.5250
102316_w_50,0.5750
102514_w_40,0.7750
110614_m_42,0.5250
110810_m_62,0.5250
110909_m_29,0.5000
111313_m_64,0.4750
111409_w_63,0.3000
111609_m_65,0.5000
111914_w_63,0.7750
112009_w_43,0.5750
112016_m_25,0.7000
112209_m_51,0.5750
112310_m_20,0.7250
112610_w_60,0.4750
112809_w_23,0.5000
112909_w_20,0.7250
112914_w_51,0.5000
120514_w_56,0.5250
120614_w_61,0.5000
